epoch,time,train/loss,metrics/accuracy_top1,metrics/accuracy_top5,val/loss,lr/pg0,lr/pg1,lr/pg2
1,2404.97,0.52,0.50146,1,1.67356,0.0033321,0.0033321,0.0033321
2,4814.58,0.36105,0.50676,1,2.25214,0.00644548,0.00644548,0.00644548
